{"generatedAt":1721141396408,"generateTime":33,"contents":[{"_path":"/about/en","_dir":"about","_draft":false,"_partial":false,"_locale":"","timeline":[{"time":"2013","label":"BHL was established","description":"BHL was founded, and became the authorized reseller of a Japanese brand and an American brand in south China."},{"time":"2017","label":"Turnover over 30 million","description":"BHL achieved a total yearly turnover of 30 million yuan in the aerospace industry and auto part industry."},{"time":"2018","label":"Independent research and development","description":"BHL’s self-developed online measuring system was successfully tested on machine."},{"time":"2019","label":"BHL measuring system, officially sold","description":"BHL began to officially sell the infrared measuring system of its own brand, and established in-depth cooperation with the innovation mold processing plant."},{"time":"2020","label":"BHL metering system, sales exceeded 3000","description":"BHL officially received certificates of patents and trademarks for the measuring systems of its own brand, and successfully sold more than 3,000 sets of measuring systems. "},{"time":"2021","label":"Plant upgrade","description":"The innovation mold processing plant of BHL brand was officially upgraded as Suzhou Gu Bo Te Precision Machinery Co., Ltd."}],"_id":"content:about:en.json","_type":"json","title":"En","_source":"content","_file":"about/en.json","_stem":"about/en","_extension":"json"},{"_path":"/about/zh","_dir":"about","_draft":false,"_partial":false,"_locale":"","timeline":[{"time":"2013年","label":"BHL 成立","description":"中国华南地区日本、美国某品牌授权经销商"},{"time":"2017年","label":"营业额超3000万","description":"在航天领域及汽车零部件行业年营业额超3000万"},{"time":"2018年","label":"自主研发","description":"自主研发品牌在线测量系统上机成功测试。"},{"time":"2019年","label":"BHL测量系统，正式销售","description":"BHL品牌红外线测量系统正式开始市场销售，与创新模具加工厂深度合作。"},{"time":"2020年","label":"BHL测量系统，销量破3000","description":"BHL品牌测量系统各种专利商标正式下证书及成功突破销量3000套。"},{"time":"2021年","label":"工厂升级","description":"BHL品牌创新模具加工厂正式升级成立苏州古博特精密机械有限公司。"}],"_id":"content:about:zh.json","_type":"json","title":"Zh","_source":"content","_file":"about/zh.json","_stem":"about/zh","_extension":"json"},{"_path":"/home/en","_dir":"home","_draft":false,"_partial":false,"_locale":"","_id":"content:home:en.json","_type":"json","title":"En","_source":"content","_file":"home/en.json","_stem":"home/en","_extension":"json"},{"_path":"/home/zh","_dir":"home","_draft":false,"_partial":false,"_locale":"","_id":"content:home:zh.json","_type":"json","title":"Zh","_source":"content","_file":"home/zh.json","_stem":"home/zh","_extension":"json"},{"_path":"/","_dir":"","_draft":false,"_partial":false,"_locale":"","title":"123","_id":"content:index.json","_type":"json","_source":"content","_file":"index.json","_stem":"index","_extension":"json"},{"_path":"/layout/en","_dir":"layout","_draft":false,"_partial":false,"_locale":"","menus":[{"label":"About BHL","to":"/about"},{"label":"BHL Probes","to":"/probes"},{"label":"BHL Milling Cutter","to":"/cutter"},{"label":"BHL Repair","to":"/repair"}],"blogroll":[{"label":"About BHL","children":[{"label":"Company Profile","to":"/about/#description"},{"label":"Development Course","to":"/about/#timeline"},{"label":"Patent Certificate","to":"/about/#patent"}]},{"label":"BHL Probes","children":[{"label":"BHL Probes","to":"/probes"},{"label":"BHL Milling Cutter","to":"/cutter"},{"label":"BHL Repair","to":"/repair"}]},{"label":"Contact Us","children":[{"label":"Tel: 0512-5777 0004"},{"label":"E-mail: yzbhl88@yeah.net"},{"label":"address: Room 13, No.777 Yuyang Road, Kunshan City North, Suzhou City, Jiangsu Province"}]}],"_id":"content:layout:en.json","_type":"json","title":"En","_source":"content","_file":"layout/en.json","_stem":"layout/en","_extension":"json"},{"_path":"/layout/zh","_dir":"layout","_draft":false,"_partial":false,"_locale":"","menus":[{"label":"关于 BHL","to":"/about"},{"label":"BHL 测头","to":"/probes"},{"label":"BHL 铣刀","to":"/cutter"},{"label":"BHL 维修","to":"/repair"}],"blogroll":[{"label":"关于BHL","children":[{"label":"公司简介","to":"/about/#description"},{"label":"发展历程","to":"/about/#timeline"},{"label":"专利证书","to":"/about/#patent"}]},{"label":"BHL制造","children":[{"label":"BHL测头","to":"/probes"},{"label":"BHL铣刀","to":"/cutter"},{"label":"BHL维修","to":"/repair"}]},{"label":"联系我们","children":[{"label":"电话：0512-5777 0004"},{"label":"邮箱：yzbhl88@yeah.net"},{"label":"公司地址：江苏省苏州市昆山城北玉杨路777号13房"}]}],"_id":"content:layout:zh.json","_type":"json","title":"Zh","_source":"content","_file":"layout/zh.json","_stem":"layout/zh","_extension":"json"},{"_path":"/probes/en/400mini","_dir":"en","_draft":false,"_partial":false,"_locale":"","name":"HL-OPG400 Mini (high precision)","image":"/images/probes/400mini.png","introduces":[{"title":"Function","features":["Improving efficiency, automatically achieving centering and alignment, and setting deviation value","Achieving on-machine measurement, 2D dimensional measurement and automatic compensation in real time (inner and outer bore/ rectangle/ position)","Achieving a reliable and reasonable use of lathe, and calibrating the precision of lathe.","Automatically measuring the depth, effectively correcting the tool length, improving the yield and reducing lapping defect mismatch","Featuring a high safety and energy saving, and realizing auto pause/ auto sleep in case of the battery alarm","Routine collision resistance. "]},{"title":"Features","features":["It features a fast transmission efficiency, a powerful compatibility and interchangeability, a small size and a high precision (≤1μm)","Probe start-up mode: The probe is started in two ways including using power-on code and receiving two kinds of infrared modulating signals","Infrared coding is used to transmit signals between the probe and the receiver. It is resistant to interference and vibration","Being widely applicable, it can be used in various system spindle processing centers and various products (such as mobile phones, computers, electronics, communication, automobiles and molds)"]},{"title":"Parameters","features":["Measuring-pin triggering direction: ±X, ±Y, +Z","Protection stroke of the measuring pin triggering in all directions: XY±15°, Z+5mm","Triggering force for the measuring pin in all directions: XY=1.0N, Z=8.0N","Repeated (2σ) precision for arbitrary one-way triggering of CNC lathe in actual measurement: ≤ 7μm","Transmission range of infrared signals in 360 degrees: ≤5m","Battery life: The probe can function normally for consecutive 10 million times","Protection grade: IP68."]}],"attachments":{"columns":[{"key":"name","label":"Name"},{"key":"diameter","label":"Diameter of Measuring Ball (mm)"},{"key":"materials","label":"Material of Measuring Bar "},{"key":"totalLength","label":"Total Length (mm)"},{"key":"effectiveLength","label":"Effective Length (mm)"}],"items":[{"name":"Straight measuring pin","diameter":"1.0 ruby","materials":"Hard alloy","totalLength":"20","effectiveLength":"18"},{"name":"Straight measuring pin","diameter":"2.0 ruby","materials":"Hard alloy","totalLength":"20","effectiveLength":"18"},{"name":"Straight measuring pin","diameter":"5.0 ruby","materials":"Stainless steel","totalLength":"50/70/90","effectiveLength":"35/60/80"},{"name":"Straight measuring pin","diameter":"6.0 ruby","materials":"Stainless steel","totalLength":"100","effectiveLength":"85"},{"name":"Column measuring pin","diameter":"1.0","materials":"Hard alloy","totalLength":"20","effectiveLength":"10"},{"name":"Column measuring pin","diameter":"3.0","materials":"Hard alloy","totalLength":"30","effectiveLength":"20"},{"name":"Lengthening bar","diameter":"--","materials":"Ceramics","totalLength":"30/50/100","effectiveLength":"--"}]},"_id":"content:probes:en:400mini.json","_type":"json","title":"400mini","_source":"content","_file":"probes/en/400mini.json","_stem":"probes/en/400mini","_extension":"json"},{"_path":"/probes/en/400ms","_dir":"en","_draft":false,"_partial":false,"_locale":"","name":"BHL-OPG400mS (general)","image":"/images/probes/400ms.png","introduces":[{"title":"Function","features":["Improving efficiency, automatically achieving centering and alignment, and setting deviation value","Achieving on-machine measurement, 2D dimensional measurement and automatic compensation in real time (inner and outer bore/ rectangle/ position)","Achieving a reliable and reasonable use of lathe, and calibrating the precision of lathe","Automatically measuring the depth, effectively correcting the tool length, improving the yield and reducing lapping defect mismatch","Featuring a high safety and energy saving, and realizing auto pause/ auto sleep in case of the battery alarm","Routine collision resistance."]},{"title":"Features","features":["It features a fast transmission efficiency, a powerful compatibility and interchangeability, a small size and a high precision (≤1μm)","Probe start-up mode: The probe is started in two ways including using power-on code and receiving two kinds of infrared modulating signals","Infrared coding is used to transmit signals between the probe and the receiver. It is resistant to interference","Being widely applicable, it can be used in various system spindle processing centers and various products (such as mobile phones, computers, electronics, communication, automobiles and molds)"]},{"title":"Parameters","features":["Measuring-pin triggering direction: ±X, ±Y, +Z","Protection stroke of the measuring pin triggering in all directions: XY±15°, Z+5mm","Triggering force for the measuring pin in all directions: XY=1.0N, Z=8.0N"," Repeated (2σ) precision for arbitrary one-way triggering of CNC lathe in actual measurement: ≤10μm","Transmission range of infrared signals in 360 degrees: ≤5m","Battery life: The probe can function normally for consecutive 10 million times","Protection grade: IP67"]}],"attachments":{"columns":[{"key":"name","label":"Name"},{"key":"diameter","label":"Diameter of Measuring Ball (mm)"},{"key":"materials","label":"Material of Measuring Bar "},{"key":"totalLength","label":"Total Length (mm)"},{"key":"effectiveLength","label":"Effective Length (mm)"}],"items":[{"name":"Straight measuring pin","diameter":"1.0 ruby","materials":"Hard alloy","totalLength":"20","effectiveLength":"18"},{"name":"Straight measuring pin","diameter":"2.0 ruby","materials":"Hard alloy","totalLength":"20","effectiveLength":"18"},{"name":"Straight measuring pin","diameter":"5.0 ruby","materials":"Stainless steel","totalLength":"50/70/90","effectiveLength":"35/60/80"},{"name":"Straight measuring pin","diameter":"6.0 ruby","materials":"Stainless steel","totalLength":"100","effectiveLength":"85"},{"name":"Column measuring pin","diameter":"1.0","materials":"Hard alloy","totalLength":"20","effectiveLength":"10"},{"name":"Column measuring pin","diameter":"3.0","materials":"Hard alloy","totalLength":"30","effectiveLength":"20"},{"name":"Lengthening bar","diameter":"--","materials":"Ceramics","totalLength":"30/50/100","effectiveLength":"--"}]},"_id":"content:probes:en:400ms.json","_type":"json","title":"400ms","_source":"content","_file":"probes/en/400ms.json","_stem":"probes/en/400ms","_extension":"json"},{"_path":"/probes/en","_dir":"probes","_draft":false,"_partial":false,"_locale":"","product":[{"to":"/probes/400mini","align":"left","title":"HL-OPG400 Mini (high precision)","image":"/images/probes/400mini.png","features":[{"name":"Product Superiority","description":"It features a fast transmission efficiency, a powerful compatibility and interchangeability, a small size and a high precision (≤1μm)","icon":"i-heroicons-hand-thumb-up"},{"name":"Start Up Mode","description":"The probe is started in two ways including using power-on code and receiving two kinds of infrared modulating signals","icon":"i-heroicons-play"},{"name":"Signal Transmission","description":"Infrared coding is used to transmit signals between the probe and the receiver. It is resistant to interference and vibration","icon":"i-heroicons-rss-solid"},{"name":"Field Of Use","description":"It can be used in various system spindle processing centers and various products (such as mobile phones, computers, electronics, communication, automobiles and molds)","icon":"i-heroicons-globe-alt"}]},{"to":"/probes/400ms","align":"right","title":"BHL-OPG400mS (general)","image":"/images/probes/400ms.png","features":[{"name":"Product Superiority","description":"It features a fast transmission efficiency, a powerful compatibility and interchangeability, a small size and a high precision (≤1μm)","icon":"i-heroicons-hand-thumb-up"},{"name":"Start Up Mode","description":"The probe is started in two ways including using power-on code and receiving two kinds of infrared modulating signals","icon":"i-heroicons-play"},{"name":"Signal Transmission","description":"Infrared coding is used to transmit signals between the probe and the receiver. It is resistant to interference","icon":"i-heroicons-rss-solid"},{"name":"Field Of Use","description":"It can be used in various system spindle processing centers and various products (such as mobile phones, computers, electronics, communication, automobiles and molds)","icon":"i-heroicons-globe-alt"}]}],"compares":{"columns":[{"key":"contrastItem","label":"Items for Comparison"},{"key":"competingBrand","label":"Major Competing Brand (DS)"},{"key":"bhl","label":"BHL Probe"},{"key":"result","label":"Result"}],"items":[{"contrastItem":"Precision","competingBrand":"≤0.001mm","bhl":"≤0.001mm","result":{"value":"Same"}},{"contrastItem":"Measuring speed","competingBrand":"11m/min","bhl":"9 m/min (The upgraded version is faster.)","result":{"value":"Same"}},{"contrastItem":"Transmission mode","competingBrand":"Infrared","bhl":"Infrared","result":{"value":"Same"}},{"contrastItem":"Transmission switch","competingBrand":"Manual - M code start / shut","bhl":"Automatic (energy-saving and power-saving)","result":{"value":"BHL better than DS","class":"text-red-500"}},{"contrastItem":"Battery life","competingBrand":"90 days","bhl":"≧120 days","result":{"value":"BHL better than DS","class":"text-red-500"}},{"contrastItem":"Probe switch","competingBrand":"Needed","bhl":"Automatic","result":{"value":"BHL better than DS","class":"text-red-500"}},{"contrastItem":"Signal emission angle of the system","competingBrand":"120 degree","bhl":"120 degree","result":{"value":"Same"}},{"contrastItem":"Battery model","competingBrand":"Universal","bhl":"Universal","result":{"value":"Same"}},{"contrastItem":"Transmission distance","competingBrand":"5m","bhl":"Self-controlled within 2 to 5 meters (anti-interference)","result":{"value":"BHL better than DS","class":"text-red-500"}},{"contrastItem":"Product life","competingBrand":"≧10 million times","bhl":"≧10 million times","result":{"value":"Same"}},{"contrastItem":"Others","competingBrand":"Same","bhl":"Same","result":{"value":"Same"}}]},"_id":"content:probes:en:index.json","_type":"json","title":"","_source":"content","_file":"probes/en/index.json","_stem":"probes/en/index","_extension":"json"},{"_path":"/probes/zh/400mini","_dir":"zh","_draft":false,"_partial":false,"_locale":"","name":"HL-OPG400 Mini（高精版）","image":"/images/probes/400mini.png","introduces":[{"title":"功能","features":["提升效率，实现自动分中找正及设定偏置值","时时在机测量，二维尺寸测量及自动补尝（内外孔/矩形/位置等）","可靠合理使用机床，对机床精度效验","自动深度测量，有效补正刀具长度提升良率减少接痕断差","安全节能，实现电池报警自动暂停/自动休眠","日常抗碰击能力"]},{"title":"特点","features":["传输效率快，通用互换性强，体积小，高精度（≤1μm）","通电代码启动/接收两种红外线调制信号启动测头","测头与接收器采用红外线编码信号传输，抗干扰与震动","使用范围广，适用于各种系统主轴结构加工中心及各种产品（如：手机，电脑，电子，通迅，汽车，模具等）"]},{"title":"参数","features":["测针触发方向：±X, ±Y, +Z ","测针各向触发保护行程：XY±15°，Z+5mm","测针各向触发力：XY=1.0N,Z=8.0N.","cnc机床实际测量任意单向触发重复（2σ）精度：≤10μm","红外线信号传输范围360°：≤5m","电池寿命测头连续1000万次可正常使用","防护等级IP67"]}],"attachments":{"columns":[{"key":"name","label":"名称"},{"key":"diameter","label":"测球直径（mm）"},{"key":"materials","label":"测杆材料"},{"key":"totalLength","label":"总长度（mm）"},{"key":"effectiveLength","label":"有效长度(mm)"}],"items":[{"name":"直测针","diameter":"1.0红宝石","materials":"硬质合金","totalLength":"20","effectiveLength":"18"},{"name":"直测针","diameter":"2.0红宝石","materials":"硬质合金","totalLength":"20","effectiveLength":"18"},{"name":"直测针","diameter":"5.0红宝石","materials":"不锈钢","totalLength":"50/70/90","effectiveLength":"35/60/80"},{"name":"直测针","diameter":"6.0红宝石","materials":"不锈钢","totalLength":"100","effectiveLength":"85"},{"name":"柱形测针","diameter":"1.0","materials":"硬质合金","totalLength":"20","effectiveLength":"10"},{"name":"柱形测针","diameter":"3.0","materials":"硬质合金","totalLength":"30","effectiveLength":"20"},{"name":"加长杆","diameter":"--","materials":"陶瓷","totalLength":"30/50/100","effectiveLength":"--"}]},"_id":"content:probes:zh:400mini.json","_type":"json","title":"400mini","_source":"content","_file":"probes/zh/400mini.json","_stem":"probes/zh/400mini","_extension":"json"},{"_path":"/probes/zh/400ms","_dir":"zh","_draft":false,"_partial":false,"_locale":"","name":"BHL-OPG400mS（普通版）","image":"/images/probes/400ms.png","introduces":[{"title":"功能","features":["提升效率，实现自动分中找正及设定偏置值；","时时在机测量，二维尺寸测量及自动补尝（内外孔/矩形/位置等）；","可靠合理使用机床，对机床精度效验；","自动深度测量，有效补正刀具长度提升良率减少接痕断差；","安全节能，实现电池报警自动暂停/自动休眠；","日常抗碰击能力。"]},{"title":"特点","features":["传输效率快，通用互换性强，体积小，高精度（≤1μm）","通电代码启动/接收两种红外线调制信号启动测头；","测头与接收器采用红外线编码信号传输，抗干扰；","使用范围广，适用于各种系统主轴结构加工中心及各种产品（如：手机，电脑，电子，通迅，汽车，模具等）"]},{"title":"参数","features":["测针触发方向：±X, ±Y, +Z .","测针各向触发保护行程：XY±15°，Z+5mm.","测针各向触发力：XY=1.0N,Z=8.0N.","cnc机床实际测量任意单向触发重复（2σ）精度：≤10μm.","红外线信号传输范围360°：≤5m.","电池寿命测头连续1000万次可正常使用。","防护等级IP67"]}],"attachments":{"columns":[{"key":"name","label":"名称"},{"key":"diameter","label":"测球直径（mm）"},{"key":"materials","label":"测杆材料"},{"key":"totalLength","label":"总长度（mm）"},{"key":"effectiveLength","label":"有效长度(mm)"}],"items":[{"name":"直测针","diameter":"1.0红宝石","materials":"硬质合金","totalLength":"20","effectiveLength":"18"},{"name":"直测针","diameter":"2.0红宝石","materials":"硬质合金","totalLength":"20","effectiveLength":"18"},{"name":"直测针","diameter":"5.0红宝石","materials":"不锈钢","totalLength":"50/70/90","effectiveLength":"35/60/80"},{"name":"直测针","diameter":"6.0红宝石","materials":"不锈钢","totalLength":"100","effectiveLength":"85"},{"name":"柱形测针","diameter":"1.0","materials":"硬质合金","totalLength":"20","effectiveLength":"10"},{"name":"柱形测针","diameter":"3.0","materials":"硬质合金","totalLength":"30","effectiveLength":"20"},{"name":"加长杆","diameter":"--","materials":"陶瓷","totalLength":"30/50/100","effectiveLength":"--"}]},"_id":"content:probes:zh:400ms.json","_type":"json","title":"400ms","_source":"content","_file":"probes/zh/400ms.json","_stem":"probes/zh/400ms","_extension":"json"},{"_path":"/probes/zh","_dir":"probes","_draft":false,"_partial":false,"_locale":"","product":[{"to":"/probes/400mini","align":"left","title":"HL-OPG400 Mini（高精版）","image":"/images/probes/400mini.png","features":[{"name":"产品优势","description":"传输效率快、通用互换性强、体积小、高精度（≤1μm）","icon":"i-heroicons-hand-thumb-up"},{"name":"启动方式","description":"通电代码启动/接收两种红外线调制信号启动测头","icon":"i-heroicons-play"},{"name":"信号传输","description":"测头与接收器采用红外线编码信号传输，抗干扰与震动；","icon":"i-heroicons-rss-solid"},{"name":"使用领域","description":"适用于各种系统主轴结构加工中心及各种产品（如：手机，电脑，电子，通迅，汽车，模具等）","icon":"i-heroicons-globe-alt"}]},{"to":"/probes/400ms","align":"right","title":"BHL-OPG400mS（普通版）","image":"/images/probes/400ms.png","features":[{"name":"产品优势","description":"传输效率快，通用互换性强，体积小，高精度（≤1μm）","icon":"i-heroicons-hand-thumb-up"},{"name":"启动方式","description":"通电代码启动/接收两种红外线调制信号启动测头","icon":"i-heroicons-play"},{"name":"信号传输","description":"测头与接收器采用红外线编码信号传输，抗干扰","icon":"i-heroicons-rss-solid"},{"name":"使用领域","description":"适用于各种系统主轴结构加工中心及各种产品（如：手机，电脑，电子，通迅，汽车，模具等）","icon":"i-heroicons-globe-alt"}]}],"compares":{"columns":[{"key":"contrastItem","label":"对比项目"},{"key":"competingBrand","label":"主要竞争品牌(DS )"},{"key":"bhl","label":"BHL测头"},{"key":"result","label":"结果"}],"items":[{"contrastItem":"精度","competingBrand":"≤0.001mm","bhl":"≤0.001mm","result":{"value":"相同"}},{"contrastItem":"测量速度","competingBrand":"11m/min","bhl":"9m/min（升级款更快）","result":{"value":"相同"}},{"contrastItem":"传输方式","competingBrand":"红外线","bhl":"红外线","result":{"value":"相同"}},{"contrastItem":"传输开关","competingBrand":"手动-M码启动/关闭","bhl":"自动（节能省电）","result":{"value":"BHL优于DS","class":"text-red-500"}},{"contrastItem":"电池寿命","competingBrand":"90天","bhl":"≧120天","result":{"value":"BHL优于DS","class":"text-red-500"}},{"contrastItem":"探头开关","competingBrand":"需要","bhl":"自动","result":{"value":"BHL优于DS","class":"text-red-500"}},{"contrastItem":"系统信号发射角度","competingBrand":"120度","bhl":"120度","result":{"value":"相同"}},{"contrastItem":"电池型号","competingBrand":"通用","bhl":"通用","result":{"value":"相同"}},{"contrastItem":"传输距离","competingBrand":"5米","bhl":"2~5米可自行控制（可防干扰","result":{"value":"BHL优于DS","class":"text-red-500"}},{"contrastItem":"产品寿命","competingBrand":"≧1000万次","bhl":"≧1000万次","result":{"value":"相同"}},{"contrastItem":"其它","competingBrand":"相同","bhl":"相同","result":{"value":"相同"}}]},"_id":"content:probes:zh:index.json","_type":"json","title":"","_source":"content","_file":"probes/zh/index.json","_stem":"probes/zh/index","_extension":"json"}],"navigation":[{"title":"About","_path":"/about","children":[{"title":"En","_path":"/about/en"},{"title":"Zh","_path":"/about/zh"}]},{"title":"Home","_path":"/home","children":[{"title":"En","_path":"/home/en"},{"title":"Zh","_path":"/home/zh"}]},{"title":"123","_path":"/"},{"title":"Layout","_path":"/layout","children":[{"title":"En","_path":"/layout/en"},{"title":"Zh","_path":"/layout/zh"}]},{"title":"Probes","_path":"/probes","children":[{"title":"","_path":"/probes/en","children":[{"title":"400mini","_path":"/probes/en/400mini"},{"title":"400ms","_path":"/probes/en/400ms"}]},{"title":"","_path":"/probes/zh","children":[{"title":"400mini","_path":"/probes/zh/400mini"},{"title":"400ms","_path":"/probes/zh/400ms"}]}]}]}